{
  "project": "Cisco_VIP_Static_Routing_with_Backup",
  "addressing": {
    "LAN1": {
      "network": "192.168.10.0/24",
      "gateway": "192.168.10.1"
    },
    "LAN2": {
      "network": "192.168.20.0/24",
      "gateway": "192.168.20.1"
    },
    "R1_R2": {
      "network": "10.0.12.0/30",
      "R1": "10.0.12.1",
      "R2": "10.0.12.2"
    },
    "R1_R3": {
      "network": "10.0.13.0/30",
      "R1": "10.0.13.1",
      "R3": "10.0.13.2"
    },
    "R2_R3": {
      "network": "10.0.23.0/30",
      "R2": "10.0.23.1",
      "R3": "10.0.23.2"
    }
  },
  "devices": {
    "R1": {
      "type": "router",
      "interfaces": {
        "g0/0": {
          "ip": "192.168.10.1",
          "mask": "255.255.255.0"
        },
        "g0/1": {
          "ip": "10.0.12.1",
          "mask": "255.255.255.252"
        },
        "g0/2": {
          "ip": "10.0.13.1",
          "mask": "255.255.255.252"
        }
      },
      "routes": [
        {
          "dst": "192.168.20.0",
          "mask": "255.255.255.0",
          "nexthop": "10.0.13.2",
          "ad": 1
        },
        {
          "dst": "192.168.20.0",
          "mask": "255.255.255.0",
          "nexthop": "10.0.12.2",
          "ad": 10
        }
      ]
    },
    "R2": {
      "type": "router",
      "interfaces": {
        "g0/0": {
          "ip": "10.0.12.2",
          "mask": "255.255.255.252"
        },
        "g0/1": {
          "ip": "10.0.23.1",
          "mask": "255.255.255.252"
        }
      },
      "routes": [
        {
          "dst": "192.168.10.0",
          "mask": "255.255.255.0",
          "nexthop": "10.0.12.1"
        },
        {
          "dst": "192.168.20.0",
          "mask": "255.255.255.0",
          "nexthop": "10.0.23.2"
        }
      ]
    },
    "R3": {
      "type": "router",
      "interfaces": {
        "g0/0": {
          "ip": "192.168.20.1",
          "mask": "255.255.255.0"
        },
        "g0/1": {
          "ip": "10.0.13.2",
          "mask": "255.255.255.252"
        },
        "g0/2": {
          "ip": "10.0.23.2",
          "mask": "255.255.255.252"
        }
      },
      "routes": [
        {
          "dst": "192.168.10.0",
          "mask": "255.255.255.0",
          "nexthop": "10.0.13.1"
        },
        {
          "dst": "192.168.10.0",
          "mask": "255.255.255.0",
          "nexthop": "10.0.23.1",
          "ad": 10
        }
      ],
      "dhcp": {
        "exclude": [
          "192.168.20.1"
        ],
        "pool": {
          "name": "LAN2",
          "network": "192.168.20.0",
          "mask": "255.255.255.0",
          "default_router": "192.168.20.1",
          "dns": "8.8.8.8"
        }
      }
    },
    "S0": {
      "type": "switch"
    },
    "S1": {
      "type": "switch"
    },
    "PC0": {
      "type": "pc",
      "lan": "LAN1",
      "dhcp": true
    },
    "Laptop0": {
      "type": "laptop",
      "lan": "LAN1",
      "dhcp": true
    },
    "PC1": {
      "type": "pc",
      "lan": "LAN2",
      "dhcp": true
    },
    "Server0": {
      "type": "server",
      "ip": "192.168.20.100",
      "mask": "255.255.255.0",
      "gw": "192.168.20.1"
    }
  },
  "links": [
    [
      "R1:g0/1",
      "R2:g0/0"
    ],
    [
      "R1:g0/2",
      "R3:g0/1"
    ],
    [
      "R2:g0/1",
      "R3:g0/2"
    ],
    [
      "R1:g0/0",
      "S0"
    ],
    [
      "S0",
      "PC0"
    ],
    [
      "S0",
      "Laptop0"
    ],
    [
      "R3:g0/0",
      "S1"
    ],
    [
      "S1",
      "PC1"
    ],
    [
      "S1",
      "Server0"
    ]
  ]
}